1;optimal;43;10;0;4;0;0;12;31;4;4;10;6;12;13;4;15;12;13;23;10;18;21;29;29;36;38;28;21;15;35;28;41;38;43
2;optimal;47;10;0;0;0;0;10;11;7;13;10;2;13;7;15;23;24;14;13;24;14;25;28;7;33;28;30;24;33;35;30;39;35;47
3;optimal;47;10;0;0;0;0;1;1;1;11;5;8;13;5;16;16;6;28;21;16;19;1;26;36;2;23;38;42;27;28;45;45;36;47
4;optimal;62;20;0;0;10;0;10;3;9;17;24;24;40;34;20;3;27;33;44;28;12;43;34;24;35;24;38;33;17;40;52;52;44;62
5;optimal;39;10;0;8;0;0;4;5;10;7;13;10;14;16;20;5;14;5;16;8;10;20;18;21;21;30;20;28;2;36;31;37;29;39
6;optimal;48;10;0;0;10;0;10;9;16;11;23;10;11;11;13;23;13;17;16;28;18;38;13;20;13;27;23;41;19;22;47;28;38;48
7;optimal;60;0;0;0;0;0;2;4;2;19;18;10;21;18;7;25;31;21;29;3;37;34;29;32;33;9;39;34;44;44;45;52;49;60
8;optimal;53;10;0;0;0;0;3;12;14;6;20;3;8;13;13;10;22;20;10;25;19;14;35;35;25;26;25;35;36;36;45;35;43;53
9;optimal;49;10;0;0;0;0;7;15;5;11;18;5;16;11;20;28;15;32;10;22;25;3;20;28;40;15;29;39;39;40;47;45;38;49
10;optimal;45;0;0;0;0;0;4;27;4;5;14;17;10;17;18;18;22;18;27;10;22;4;20;3;20;31;28;31;34;34;38;33;44;45
11;optimal;38;10;0;0;0;0;6;2;5;2;2;6;17;14;7;9;9;21;7;21;17;6;21;25;25;11;30;16;23;28;28;37;36;38
12;optimal;51;10;0;0;0;0;5;12;3;3;5;11;13;12;13;11;7;8;11;12;15;19;22;17;19;31;23;17;31;32;22;41;34;51
13;optimal;43;10;0;0;0;0;9;4;9;14;19;4;19;14;20;15;11;16;32;9;14;25;24;29;21;19;36;25;11;28;40;33;25;43
14;optimal;43;10;0;0;0;0;2;9;16;16;11;27;9;8;2;8;14;9;22;9;16;20;9;29;14;29;19;29;11;20;34;34;42;43
15;optimal;51;10;0;0;0;0;2;3;18;9;11;21;13;15;11;14;15;15;11;23;5;20;31;23;20;23;33;39;33;49;2;42;50;51
16;optimal;47;10;0;0;0;0;4;4;4;8;6;15;5;4;4;15;12;13;16;18;25;21;25;23;26;5;21;34;42;25;18;35;45;47
17;optimal;47;0;0;0;1;0;8;9;1;9;7;8;8;7;15;15;23;20;15;25;29;25;13;20;32;13;29;39;15;29;29;34;42;47
18;optimal;54;0;0;3;0;0;3;3;9;18;18;9;9;32;12;10;3;28;14;39;12;12;12;18;26;28;41;37;32;46;46;51;42;54
19;optimal;54;10;0;0;0;0;8;5;7;10;17;8;25;25;1;17;1;30;16;5;16;32;4;30;26;39;37;36;36;10;42;48;44;54
20;optimal;43;50;0;0;6;0;8;10;6;11;10;7;8;15;7;12;12;8;10;15;10;27;12;22;24;17;21;22;29;30;34;40;32;43
21;optimal;72;50;0;0;0;0;4;7;10;20;20;10;10;20;27;21;37;29;16;27;16;29;34;42;9;37;47;47;55;42;46;47;63;72
22;optimal;40;50;0;0;0;0;5;6;12;12;11;9;24;6;20;11;21;25;14;21;12;20;14;21;25;28;28;20;28;28;30;25;37;40
23;optimal;57;60;0;6;0;0;1;6;7;8;1;7;15;18;7;15;13;9;14;25;7;1;16;26;7;36;45;22;36;22;40;47;45;57
24;optimal;98;80;0;0;0;0;3;13;7;13;18;28;36;45;36;36;28;52;45;7;52;45;18;61;41;18;36;71;78;81;51;53;89;98
25;optimal;53;80;0;0;0;0;1;15;7;9;18;18;21;1;26;9;23;14;7;26;34;35;25;35;18;13;9;28;14;41;43;45;45;53
26;optimal;54;90;0;2;0;0;3;12;3;5;2;2;10;14;10;14;24;15;25;13;21;24;2;31;24;14;2;31;40;38;18;44;34;54
27;optimal;48;80;0;0;10;0;10;16;24;16;10;33;16;16;8;17;21;16;21;24;16;27;24;25;8;24;22;28;18;34;39;10;40;48
28;optimal;54;80;0;0;0;0;10;5;15;7;11;19;9;4;7;9;5;29;13;14;9;20;29;10;15;5;16;35;16;38;44;22;44;54
29;optimal;65;80;0;0;0;0;6;11;4;14;1;11;5;5;6;1;15;21;10;5;14;22;30;17;21;18;6;37;22;47;47;30;56;65
30;optimal;59;80;0;0;0;0;2;9;4;9;9;5;14;10;12;17;8;25;23;17;14;17;8;23;25;4;32;39;46;24;50;33;12;59
31;optimal;49;70;0;0;0;0;7;4;4;6;4;7;8;6;17;6;20;9;23;17;13;23;15;7;18;17;28;36;28;33;37;18;41;49
32;optimal;60;70;0;0;0;0;5;8;5;8;13;8;5;6;13;21;6;28;8;28;20;34;37;47;13;21;29;47;36;41;52;51;34;60
33;optimal;47;80;0;0;0;0;6;13;6;8;13;6;10;17;13;19;15;21;21;25;9;18;10;25;19;23;13;25;28;32;15;28;41;47
34;optimal;57;80;0;0;0;0;1;1;1;5;4;8;4;12;6;14;12;6;18;15;7;8;17;16;24;21;30;40;25;40;41;49;41;57
35;optimal;59;70;0;0;0;0;10;4;10;19;6;9;23;4;23;19;9;25;19;27;17;25;35;6;25;28;35;35;41;45;53;21;42;59
36;optimal;45;80;0;0;0;0;9;5;9;19;8;29;18;8;9;22;5;23;5;31;33;6;34;34;19;34;23;18;36;34;44;35;39;45
37;optimal;56;60;0;0;0;0;3;4;3;12;3;18;5;24;13;18;13;20;16;28;4;5;26;29;20;38;45;13;21;25;29;49;32;56
38;optimal;55;60;0;0;0;0;8;6;9;15;9;8;11;10;15;25;6;11;11;17;26;10;34;20;18;37;26;25;34;39;46;28;39;55
39;optimal;38;40;0;0;0;0;4;4;10;4;8;8;12;8;12;12;8;6;20;6;13;16;7;29;10;6;19;19;22;21;24;28;35;38
40;optimal;48;30;0;0;0;0;9;3;2;3;11;6;15;22;11;19;32;9;2;4;11;19;15;8;17;26;20;9;29;40;29;41;32;48
41;optimal;53;70;0;5;1;0;5;1;8;5;28;15;6;21;21;29;32;6;35;38;16;40;19;28;30;35;29;38;43;33;47;40;44;53
42;optimal;82;70;0;15;0;5;30;42;25;5;14;22;24;38;28;41;24;38;42;25;39;38;14;49;49;57;48;64;54;42;74;58;58;82
43;optimal;76;110;0;6;0;0;6;4;14;25;25;16;24;33;24;46;16;25;42;4;42;33;47;39;47;51;51;33;42;58;50;53;67;76
44;optimal;63;230;0;0;0;6;16;16;10;22;16;25;34;6;34;21;43;34;16;48;16;27;30;16;27;48;43;53;48;51;43;55;55;63
45;optimal;76;80;0;0;0;0;13;4;4;23;23;13;27;27;39;56;27;27;27;40;34;28;34;9;40;46;56;46;62;69;60;75;46;76
46;optimal;64;120;0;8;0;0;10;9;20;17;24;8;11;20;11;32;24;11;50;20;24;3;28;34;50;34;33;34;42;44;58;42;54;64
47;optimal;76;430;0;10;0;0;19;46;22;6;39;36;30;10;53;43;14;30;36;36;60;36;60;19;55;24;54;47;55;53;68;61;66;76
48;optimal;67;100;0;21;0;0;8;16;1;1;9;9;25;20;20;16;31;30;46;30;31;39;39;52;50;47;39;39;46;50;60;60;57;67
49;optimal;49;130;0;0;0;0;4;11;11;20;1;15;26;10;29;4;10;16;38;26;33;17;18;11;11;34;18;36;30;44;38;26;47;49
50;optimal;70;100;0;0;0;0;3;13;22;22;30;25;39;36;46;4;46;13;30;27;50;25;13;54;17;50;54;30;46;42;63;56;56;70
51;optimal;59;80;0;0;0;0;15;10;10;24;26;17;24;34;27;15;17;19;19;33;40;28;34;31;45;41;22;24;29;40;49;47;47;59
52;optimal;51;90;0;0;13;0;1;4;21;4;13;13;16;32;21;16;23;13;28;29;7;24;32;24;32;17;38;39;39;39;41;39;49;51
53;optimal;48;70;0;0;0;0;6;3;11;14;14;14;22;18;9;15;21;32;22;9;16;38;19;31;22;21;41;23;28;39;42;42;32;48
54;optimal;42;90;0;0;0;0;1;1;5;8;7;15;5;23;16;24;19;15;28;23;21;15;5;14;32;31;29;34;35;33;35;35;38;42
55;optimal;67;80;0;0;0;9;9;13;19;13;1;33;1;13;22;23;13;15;40;22;40;9;31;39;45;26;46;54;48;39;66;58;58;67
56;optimal;37;70;0;0;0;0;1;8;12;5;4;15;5;13;1;12;15;12;2;22;19;2;9;8;15;23;19;22;23;28;25;34;30;37
57;optimal;46;80;0;11;0;0;7;7;20;8;11;11;29;11;20;19;22;13;22;37;23;26;22;31;31;31;38;35;39;22;42;41;43;46
58;optimal;39;40;0;0;0;0;5;7;12;12;20;5;27;14;2;7;7;23;17;14;12;23;27;13;23;22;27;22;31;31;37;33;37;39
59;optimal;51;40;0;0;0;0;9;10;6;10;6;20;17;19;17;20;13;13;27;13;22;9;24;17;34;35;16;24;38;25;43;30;35;51
60;optimal;61;50;0;0;0;0;5;10;4;15;16;23;4;18;8;23;15;23;29;12;37;6;29;29;45;34;25;32;42;41;42;52;25;61
61;optimal;55;40;0;0;0;0;11;6;12;8;8;16;14;13;20;16;13;26;2;29;22;16;13;14;25;29;24;35;35;6;24;30;45;55
62;optimal;42;50;0;0;0;0;7;14;8;14;7;3;7;18;16;7;20;17;3;17;17;17;18;23;20;27;31;10;14;23;29;27;41;42
63;optimal;42;70;0;0;4;0;4;14;4;9;14;11;14;13;14;20;19;19;24;4;26;11;30;32;22;23;26;30;30;35;36;35;36;42
64;optimal;44;50;0;0;0;0;5;9;11;11;7;18;7;14;14;14;17;18;24;11;26;28;21;28;23;30;23;26;27;31;37;31;39;44
65;optimal;44;70;0;0;0;0;1;9;1;1;11;3;17;3;13;9;19;13;6;16;18;21;13;28;18;9;26;27;26;32;33;35;39;44
66;optimal;35;70;0;0;0;0;5;3;8;8;10;1;10;6;18;1;8;6;11;6;13;10;10;10;18;13;13;10;18;23;20;28;21;35
67;optimal;50;70;0;0;0;0;1;4;14;1;5;14;5;22;31;15;8;24;34;32;38;24;2;15;19;34;35;25;39;34;38;41;46;50
68;optimal;44;60;0;0;0;0;8;3;3;16;11;14;22;8;11;15;3;31;25;35;21;11;32;31;37;29;6;34;15;21;36;38;43;44
69;optimal;60;70;0;0;0;0;9;9;2;9;14;14;14;10;18;24;11;24;27;2;37;18;15;21;22;24;32;12;46;18;21;37;56;60
70;optimal;49;80;0;0;0;0;4;10;15;17;15;17;10;10;20;10;24;15;19;27;25;27;27;17;26;35;30;34;42;45;36;47;19;49
71;optimal;44;70;0;0;0;0;7;7;6;9;9;11;8;9;9;10;8;16;9;7;10;11;16;16;18;16;25;18;23;19;27;25;34;44
72;optimal;51;40;0;0;0;0;6;9;17;6;5;13;5;15;13;14;14;21;21;23;19;5;23;19;13;30;14;36;44;30;23;50;35;51
73;optimal;53;70;0;0;0;0;9;16;5;5;9;4;17;14;4;17;23;14;17;14;9;20;19;29;35;14;27;29;42;20;45;36;23;53
74;optimal;48;50;0;0;0;0;2;6;2;10;12;8;5;12;5;15;10;2;14;22;19;12;6;14;12;22;26;29;15;36;38;19;44;48
75;optimal;58;50;0;0;0;0;3;1;5;1;9;15;5;6;3;5;9;13;18;26;26;11;1;30;17;15;30;34;43;23;32;17;52;58
76;optimal;47;50;0;0;0;0;4;1;4;5;6;11;11;19;19;1;13;4;13;13;27;19;10;27;23;29;30;34;5;15;25;21;44;47
77;optimal;41;40;0;0;0;0;7;4;12;4;4;7;4;10;18;13;6;21;14;4;18;12;12;11;14;18;22;23;19;29;26;17;31;41
78;optimal;51;40;0;0;0;0;3;3;4;13;9;13;3;18;18;9;13;25;32;25;18;4;19;30;10;18;21;29;36;36;40;46;30;51
79;optimal;39;50;0;0;0;0;6;4;1;4;14;11;11;1;5;6;6;14;10;14;20;15;20;10;23;1;14;15;23;30;23;21;31;39
80;optimal;67;40;0;0;0;0;2;9;9;7;16;22;29;36;16;16;9;29;39;25;36;22;40;29;35;39;45;42;41;51;43;22;60;67
81;optimal;83;1920;0;14;0;0;33;46;8;9;10;15;6;38;21;21;38;21;44;9;54;38;58;67;26;44;26;49;46;10;75;75;67;83
82;optimal;92;290;0;51;0;7;14;16;24;7;26;33;7;33;40;45;57;37;72;22;76;45;32;76;64;51;84;75;63;16;88;25;64;92
83;optimal;68;130;0;11;0;42;21;8;25;50;26;8;36;12;32;12;21;21;53;60;36;29;31;52;32;46;25;39;54;55;62;60;62;68
84;optimal;71;580;0;0;0;4;9;4;15;10;9;48;31;24;17;41;57;17;52;62;25;33;25;61;21;63;31;35;48;23;24;70;63;71
85;optimal;70;80;0;0;0;9;10;18;10;18;27;9;25;47;18;17;21;49;39;27;14;27;39;49;36;61;39;65;55;61;66;55;68;70
86;optimal;59;220;0;0;1;18;14;15;1;24;34;49;19;52;11;1;20;34;11;19;42;26;24;26;34;56;26;34;42;49;58;52;51;59
87;optimal;63;1320;0;0;4;8;4;16;26;13;4;31;16;31;21;24;30;45;24;41;48;48;34;48;41;14;55;56;46;47;53;55;58;63
88;optimal;91;200;0;0;19;0;11;29;29;10;14;37;14;54;57;6;18;47;43;27;65;39;52;75;76;10;75;65;81;33;86;87;86;91
89;optimal;63;310;0;7;12;0;26;12;7;29;16;22;16;32;32;36;34;19;32;29;37;23;43;41;36;38;55;49;57;55;59;46;58;63
90;optimal;88;610;0;0;3;0;10;16;16;16;10;32;42;42;35;51;25;51;73;59;77;59;23;65;42;59;77;32;65;65;78;80;86;88
91;optimal;42;80;0;0;0;0;6;6;6;10;13;17;2;20;19;17;12;9;14;16;31;21;21;25;30;15;19;35;30;2;40;30;39;42
92;optimal;56;50;0;0;0;0;5;7;11;6;20;7;11;15;20;31;13;25;28;12;39;28;27;38;34;38;44;46;39;42;46;53;51;56
93;optimal;62;100;0;0;0;0;9;8;10;18;13;21;16;27;22;32;22;27;12;1;31;36;45;30;36;53;30;46;36;38;12;55;53;62
94;optimal;58;100;0;0;0;0;13;9;5;17;17;9;23;23;9;32;23;15;37;6;27;27;37;23;46;28;34;37;45;49;49;51;49;58
95;optimal;41;60;0;0;0;0;9;13;15;10;1;1;20;8;13;8;15;10;20;26;26;2;20;27;32;16;1;22;36;32;35;38;36;41
96;optimal;44;80;0;0;0;0;7;6;20;7;28;4;17;4;7;16;20;32;25;4;17;26;16;26;12;31;37;28;29;33;41;38;41;44
97;optimal;49;40;0;0;0;0;7;7;7;7;10;10;20;14;15;11;15;31;23;25;24;18;36;20;28;29;36;28;38;36;43;39;40;49
98;optimal;54;80;0;0;2;0;2;10;7;8;5;19;7;10;15;8;22;8;10;23;43;20;30;22;23;33;32;30;30;41;49;43;49;54
99;optimal;49;40;0;0;0;0;2;2;2;2;17;10;7;22;30;8;33;20;7;22;30;8;21;16;10;30;34;31;40;14;26;37;43;49
100;optimal;41;100;0;0;0;0;9;1;10;7;9;10;10;16;14;10;30;1;19;30;10;18;28;11;16;20;28;25;14;33;38;35;35;41
101;optimal;54;40;0;1;0;0;6;1;8;17;9;1;12;17;13;26;22;19;6;13;29;19;8;31;29;38;26;33;42;41;33;46;42;54
102;optimal;56;40;0;0;0;0;7;8;14;9;17;9;18;12;17;23;26;37;44;19;25;33;35;43;38;12;26;33;35;48;46;37;50;56
103;optimal;81;50;0;0;0;0;18;10;17;17;9;21;25;9;9;12;18;33;21;36;21;14;28;25;13;34;43;49;59;66;49;36;72;81
104;optimal;63;50;0;0;0;0;9;8;8;15;22;23;2;23;16;26;32;22;40;23;32;25;35;35;41;32;49;43;42;49;50;25;59;63
105;optimal;49;50;0;0;0;0;3;5;13;13;7;1;3;13;31;5;13;23;18;27;23;27;40;23;34;29;40;44;31;39;47;45;44;49
106;optimal;44;50;0;0;0;0;4;6;7;13;11;23;13;4;14;14;5;5;12;28;14;21;29;15;28;21;35;22;17;36;27;37;39;44
107;optimal;36;50;0;0;0;0;10;2;2;4;13;2;19;4;9;13;13;13;23;17;13;10;10;23;28;18;32;28;5;22;28;32;33;36
108;optimal;62;60;0;0;0;0;7;7;16;25;23;25;25;16;23;28;31;23;37;9;12;8;35;38;35;27;43;33;53;43;48;56;51;62
109;optimal;67;40;0;0;0;0;3;5;8;8;15;14;23;24;26;25;28;19;10;7;8;3;30;28;36;24;45;33;45;54;63;52;45;67
110;optimal;38;40;0;0;0;0;4;7;3;4;12;3;3;7;6;22;14;10;10;10;22;16;11;32;13;16;25;34;22;29;37;32;25;38
111;optimal;47;40;0;0;0;0;8;8;8;18;2;4;18;4;18;10;24;24;9;4;23;30;21;18;23;24;27;27;30;32;39;31;39;47
112;optimal;46;30;0;0;0;0;8;15;8;6;12;16;15;12;6;21;3;16;28;16;20;29;15;20;19;28;29;21;28;36;38;36;37;46
113;optimal;37;40;0;0;0;0;2;2;4;9;2;7;2;9;12;7;7;16;12;4;18;12;15;17;15;18;23;16;20;23;24;25;31;37
114;optimal;63;50;0;0;0;0;9;9;9;16;5;5;15;18;10;12;15;10;19;26;15;17;22;28;37;37;25;26;36;43;25;53;46;63
115;optimal;47;40;0;0;0;0;1;1;3;11;10;1;3;6;6;10;3;6;10;16;20;10;21;12;24;11;18;29;20;25;28;14;39;47
116;optimal;53;60;0;0;0;0;10;10;20;10;21;8;20;21;17;26;31;20;4;34;13;23;24;13;34;27;23;30;40;31;32;43;38;53
117;optimal;55;60;0;0;0;0;6;9;7;16;16;9;12;6;24;6;16;10;20;7;30;16;32;30;39;35;35;16;21;32;45;41;43;55
118;optimal;35;40;0;0;0;0;3;3;3;6;8;8;6;6;8;16;6;15;15;11;8;11;8;8;16;18;21;16;26;20;23;27;22;35
119;optimal;52;40;0;0;0;0;2;2;5;8;7;7;5;5;13;13;17;6;21;23;15;22;17;26;27;29;30;24;39;26;33;39;43;52
120;optimal;57;80;0;0;0;0;9;9;15;8;8;8;17;18;17;9;14;14;4;22;23;15;17;24;32;39;29;46;39;27;49;42;29;57
121;optimal;58;11200;0;2;0;0;4;2;5;15;26;24;6;11;34;18;5;38;32;14;24;45;14;46;33;22;44;50;26;38;49;51;47;58
122;optimal;62;2770;0;0;5;0;15;11;18;4;18;13;29;20;44;14;24;33;13;46;29;25;35;35;52;34;54;51;37;54;56;60;56;62
123;optimal;76;490;0;0;0;1;3;3;29;19;10;10;33;29;32;39;42;19;45;42;19;57;47;28;47;54;57;65;54;63;64;62;73;76
124;optimal;72;270;0;6;0;20;14;24;6;10;14;30;20;43;30;41;59;50;52;36;43;60;57;52;58;63;63;52;69;35;63;69;70;72
125;optimal;67;4620;0;8;0;0;8;10;20;37;27;13;34;2;46;22;13;24;20;38;23;38;8;44;34;44;53;27;50;20;63;57;64;67
126;optimal;64;1770;0;0;0;10;7;20;17;13;7;10;31;22;22;20;32;35;37;43;37;30;50;43;46;45;31;52;52;57;61;56;63;64
127;optimal;77;290;0;0;7;0;26;5;32;11;38;7;17;23;45;55;1;12;19;73;55;69;38;32;45;44;63;71;33;63;64;75;74;77
128;optimal;106;200;0;0;0;10;10;24;15;33;40;33;39;57;24;48;71;39;56;47;74;65;80;71;81;56;90;81;91;65;91;79;99;106
129;optimal;71;920;0;0;0;11;10;2;15;19;52;10;39;29;48;23;11;52;49;49;20;20;35;40;55;63;29;42;59;65;68;67;59;71
130;optimal;64;2750;0;0;0;13;6;14;23;22;23;14;52;2;32;31;15;1;44;31;6;34;18;35;37;47;28;52;37;54;50;62;61;64
131;optimal;50;130;0;12;0;0;2;10;2;12;6;19;10;6;14;14;22;14;23;12;11;19;25;23;29;27;38;39;46;36;41;48;31;50
132;optimal;53;100;0;0;0;0;3;8;11;7;16;17;26;16;13;32;15;31;32;37;25;26;11;26;28;38;36;40;40;44;44;50;41;53
133;optimal;58;50;0;0;0;10;10;15;21;17;26;9;29;9;25;27;34;42;12;27;47;31;41;44;34;25;13;31;51;41;49;53;48;58
134;optimal;50;780;0;0;5;0;6;10;14;17;6;8;17;18;18;21;11;20;27;22;22;24;25;32;16;32;32;40;42;32;10;46;46;50
135;optimal;52;40;0;0;8;0;2;13;2;9;14;8;12;6;16;20;32;17;29;32;21;15;28;16;39;28;18;22;29;34;29;37;43;52
136;optimal;35;50;0;0;0;0;6;3;10;5;7;3;14;9;7;6;10;13;12;17;10;16;16;21;22;22;27;13;21;27;30;29;26;35
137;optimal;50;190;0;0;0;0;2;4;5;13;5;10;9;23;22;21;20;15;23;12;27;37;27;36;37;23;31;32;45;41;44;48;45;50
138;optimal;54;50;0;0;0;0;18;7;18;7;16;23;27;9;20;25;30;22;35;35;25;28;23;38;16;40;12;40;44;31;41;50;53;54
139;optimal;46;220;0;30;0;0;5;9;5;5;18;10;14;14;21;27;32;22;33;10;39;21;30;23;30;39;26;33;42;40;45;43;44;46
140;optimal;61;40;0;0;0;0;14;23;9;10;5;20;20;27;28;17;27;26;27;44;34;1;37;36;44;44;37;13;50;48;53;51;53;61
141;optimal;46;40;0;0;0;0;2;11;3;10;4;13;6;20;2;23;13;27;5;23;28;35;26;2;37;36;22;30;25;42;44;28;29;46
142;optimal;47;40;0;0;0;0;6;6;8;9;16;6;16;11;12;14;10;20;6;16;24;24;7;7;32;6;17;20;24;36;34;26;37;47
143;optimal;48;30;0;0;0;0;9;7;3;12;19;19;11;10;18;7;22;15;22;23;15;23;25;29;19;27;28;23;27;22;38;27;37;48
144;optimal;48;40;0;0;0;0;3;7;10;3;13;3;8;13;6;10;18;12;6;27;11;17;27;18;18;13;27;37;27;29;33;45;33;48
145;optimal;58;70;0;0;0;0;6;8;15;6;15;23;21;16;33;32;16;38;24;30;24;24;38;36;31;36;36;34;46;40;55;49;49;58
146;optimal;67;50;0;0;0;0;6;6;2;4;13;6;21;21;17;29;36;17;33;7;41;8;13;45;31;46;9;23;55;24;45;63;53;67
147;optimal;47;40;0;0;0;0;9;19;6;2;2;6;13;18;13;16;16;20;21;30;21;19;24;19;30;35;40;30;38;38;41;43;41;47
148;optimal;50;280;0;11;0;0;9;9;24;1;10;24;8;16;14;1;14;19;34;33;17;4;8;26;29;29;35;36;42;44;44;49;39;50
149;optimal;54;40;0;0;0;0;6;6;15;8;15;22;11;20;11;29;27;6;17;29;22;21;31;21;23;28;18;29;39;44;31;31;46;54
150;optimal;65;50;0;0;0;0;6;4;12;22;25;5;12;25;32;33;20;20;29;35;12;23;43;17;49;22;43;29;35;48;49;55;43;65
151;optimal;51;40;0;0;0;0;8;2;18;18;18;22;1;8;1;19;26;7;31;30;11;26;30;26;8;38;41;19;37;41;23;42;49;51
152;optimal;48;40;0;0;0;0;5;5;9;9;10;18;18;28;5;27;10;9;28;17;14;12;33;28;20;30;41;28;37;18;44;28;33;48
153;optimal;36;50;0;0;0;0;1;5;5;8;11;8;5;8;11;5;9;11;19;12;1;11;15;18;5;11;22;21;22;19;23;29;29;36
154;optimal;47;40;0;0;0;0;4;1;4;6;6;6;7;1;8;7;7;14;9;21;13;8;12;20;16;9;21;24;34;25;16;34;38;47
155;optimal;51;40;0;0;0;0;7;8;8;9;9;13;7;9;19;8;15;1;25;23;10;35;11;25;13;16;23;23;29;30;42;33;29;51
156;optimal;51;40;0;0;0;0;7;13;13;9;13;15;7;17;16;9;7;21;9;17;20;16;14;24;32;24;14;32;14;39;33;44;18;51
157;optimal;34;40;0;0;0;0;2;3;9;2;3;10;13;9;15;5;3;15;2;5;25;12;19;18;11;23;25;20;27;26;33;20;29;34
158;optimal;44;50;0;0;0;0;1;1;2;1;2;11;11;2;2;2;4;11;14;14;14;19;18;11;24;19;17;25;4;30;24;26;40;44
159;optimal;44;40;0;0;0;0;5;6;5;5;12;4;7;16;6;8;16;26;6;26;28;30;35;13;35;7;11;38;12;30;40;40;26;44
160;optimal;51;30;0;0;0;0;4;6;16;6;6;19;7;10;8;10;11;10;14;21;18;29;16;7;19;22;36;18;16;19;29;42;25;51
161;optimal;64;50;0;0;0;0;5;5;23;21;13;35;21;15;2;17;13;23;27;42;32;13;9;45;32;51;58;45;32;52;52;63;48;64
162;optimal;68;40;0;0;0;0;7;14;16;22;7;31;31;10;22;5;22;30;16;13;45;26;55;33;10;30;36;61;45;55;58;65;38;68
163;optimal;60;40;0;0;0;0;7;17;22;17;22;27;22;17;17;21;30;35;31;24;40;36;42;27;36;42;45;42;40;40;45;52;53;60
164;optimal;49;40;0;0;0;0;8;16;2;7;16;19;11;19;19;28;8;20;20;26;36;11;22;28;11;39;46;32;31;39;47;46;47;49
165;optimal;47;50;0;3;0;0;5;6;13;1;5;23;25;1;3;6;29;22;13;5;23;13;13;23;29;32;25;38;31;40;40;40;44;47
166;optimal;63;40;0;0;0;0;3;4;10;4;3;10;14;21;21;14;32;23;10;21;24;33;4;32;23;38;42;33;41;45;52;53;53;63
167;optimal;57;40;0;0;0;0;9;1;9;9;9;20;26;19;16;16;29;9;23;29;20;36;36;29;9;41;34;37;32;39;49;40;47;57
168;optimal;61;50;0;0;0;0;1;5;13;5;27;13;5;8;8;20;33;17;10;23;23;23;32;31;31;42;44;42;44;38;52;47;47;61
169;optimal;48;50;0;0;0;0;3;9;3;7;16;9;16;16;23;31;12;16;25;27;32;22;11;7;25;32;33;36;43;36;44;34;37;48
170;optimal;66;50;0;0;0;0;10;9;16;12;23;11;21;5;21;9;21;10;10;29;16;16;24;33;24;34;34;42;40;49;56;56;39;66
171;optimal;53;30;0;0;0;0;8;17;9;4;8;8;8;14;17;24;14;17;19;17;27;28;19;28;27;24;34;34;42;42;34;40;52;53
172;optimal;55;50;0;0;0;0;3;9;7;9;7;9;18;18;20;7;12;26;26;26;34;21;34;23;32;23;32;38;43;43;51;51;35;55
173;optimal;56;50;0;0;0;0;5;1;1;13;10;13;21;6;33;27;6;1;27;10;28;14;24;38;18;35;38;41;41;48;51;48;26;56
174;optimal;70;30;0;0;3;0;19;11;3;20;26;12;20;27;7;27;11;20;28;26;20;19;27;36;36;26;40;49;32;52;42;52;61;70
175;optimal;52;50;0;0;0;0;2;2;4;6;9;9;16;27;2;18;4;13;4;14;27;18;29;18;29;17;22;39;37;37;45;43;47;52
176;optimal;62;40;0;0;0;0;10;2;6;18;16;26;6;8;10;33;10;18;24;18;18;26;33;10;28;35;45;36;41;55;61;55;44;62
177;optimal;48;50;0;5;0;0;8;8;8;13;15;15;19;12;17;19;25;17;19;28;8;26;5;10;18;27;28;28;35;29;34;38;41;48
178;optimal;52;40;0;0;0;0;2;4;4;6;4;13;13;8;18;6;14;13;22;3;18;10;16;25;25;29;19;27;33;32;23;42;42;52
179;optimal;47;40;0;0;0;0;2;17;7;10;10;10;3;13;23;9;17;7;32;23;13;17;26;24;33;13;28;28;37;34;35;44;43;47
180;optimal;49;50;0;0;0;0;3;1;1;9;5;11;14;11;22;14;5;23;23;14;26;23;11;19;25;31;30;30;22;37;37;47;37;49
181;optimal;40;50;0;0;6;0;5;6;6;6;7;10;13;15;5;13;17;13;17;17;17;21;17;20;24;28;28;29;17;29;34;29;26;40
182;optimal;58;50;0;0;0;0;5;5;5;6;11;12;20;16;16;16;12;25;6;34;15;24;34;15;34;22;24;30;32;40;35;48;39;58
183;optimal;83;60;0;0;0;0;6;17;6;10;9;17;15;27;27;22;37;27;6;25;46;44;44;54;54;37;41;25;60;67;76;63;60;83
184;optimal;39;40;0;0;0;0;10;1;4;13;13;19;10;18;4;19;21;18;18;4;23;32;18;27;27;19;19;19;29;23;37;33;37;39
185;optimal;48;50;0;0;0;0;4;12;10;12;7;10;13;4;20;20;15;29;24;22;15;23;24;20;26;21;28;29;34;35;34;39;36;48
186;optimal;49;50;0;0;0;0;3;13;3;23;13;5;8;13;2;22;11;23;16;16;24;23;3;25;18;23;26;33;24;36;41;41;38;49
187;optimal;57;60;0;0;7;0;10;14;15;17;26;7;7;14;22;17;14;29;10;23;27;37;22;29;28;29;25;37;37;25;33;56;47;57
188;optimal;55;40;0;0;0;0;10;2;13;5;18;13;22;7;13;7;14;5;17;18;21;18;22;32;18;30;24;25;39;25;49;36;33;55
189;optimal;38;50;0;0;15;0;3;12;16;16;16;7;7;3;24;23;27;25;15;24;15;23;25;29;22;31;24;34;27;25;37;34;37;38
190;optimal;47;40;0;0;0;0;1;8;7;7;16;11;5;18;25;7;31;8;28;18;28;13;11;8;13;28;38;41;38;35;41;41;45;47
191;optimal;57;40;0;0;0;0;8;8;15;7;15;8;15;8;20;20;8;18;23;32;32;23;37;46;37;14;22;23;32;26;51;40;34;57
192;optimal;70;60;0;0;0;0;6;13;6;9;9;9;19;13;27;35;27;27;20;37;43;40;6;51;43;40;37;52;42;56;63;58;48;70
193;optimal;49;50;0;0;0;0;7;3;7;8;10;7;3;13;19;10;19;19;24;24;24;17;26;31;29;39;26;27;10;38;35;12;42;49
194;optimal;43;50;0;0;0;0;3;9;3;13;9;16;9;9;13;14;14;14;9;6;12;23;25;23;27;25;21;29;27;25;36;34;36;43
195;optimal;61;40;0;0;0;0;4;11;4;11;2;11;2;13;13;13;17;13;19;23;19;19;28;22;19;27;4;37;45;47;57;31;57;61
196;optimal;51;40;0;0;0;0;5;8;14;8;5;8;8;18;20;20;15;30;31;23;30;36;15;14;31;41;20;31;5;41;23;36;43;51
197;optimal;42;40;0;0;0;0;6;11;11;3;9;19;12;17;6;14;9;15;21;23;21;14;22;24;11;24;21;29;31;31;36;41;27;42
198;optimal;51;40;0;0;0;0;6;2;9;2;9;16;11;14;24;13;17;24;15;2;8;20;14;20;23;24;22;25;35;44;30;31;49;51
199;optimal;41;70;0;0;0;0;4;1;8;4;10;4;4;4;8;11;12;10;13;12;22;31;22;12;31;11;34;22;22;19;40;38;31;41
200;optimal;37;60;0;0;0;0;9;3;9;9;10;14;15;10;14;8;14;19;14;24;24;28;24;12;24;32;25;32;12;25;32;36;33;37
201;optimal;84;80;0;0;12;0;5;15;25;12;43;5;26;33;31;2;25;26;35;51;35;54;31;41;43;57;57;60;51;72;71;66;74;84
202;optimal;59;70;0;0;0;2;8;27;13;9;32;9;15;18;11;15;25;34;17;25;38;32;18;38;42;42;42;50;46;50;56;52;44;59
203;optimal;76;40;0;0;0;0;8;4;12;12;22;32;2;22;38;46;22;59;32;45;9;10;40;64;39;10;38;49;54;59;66;43;49;76
204;optimal;70;70;0;9;0;0;10;2;17;19;22;25;9;25;41;19;15;27;33;32;41;33;45;51;50;40;45;50;49;59;66;66;66;70
205;optimal;55;50;0;0;0;0;3;3;9;10;21;6;26;25;33;11;27;27;33;11;41;7;21;41;37;45;25;37;47;42;47;49;48;55
206;optimal;76;50;0;0;0;48;9;15;19;19;15;1;33;9;29;28;9;29;19;15;53;29;30;44;47;39;53;44;63;59;67;73;67;76
207;optimal;65;60;0;0;0;16;9;25;9;5;5;16;41;15;22;18;46;35;47;24;47;47;34;34;32;49;25;48;34;43;57;50;55;65
208;optimal;62;60;0;0;0;0;1;14;11;7;20;10;14;10;12;26;20;32;36;27;36;31;32;32;41;41;41;50;50;46;61;52;56;62
209;optimal;69;70;0;0;0;34;10;16;10;8;10;16;40;16;24;21;9;53;50;18;18;24;34;35;48;60;24;34;50;48;53;59;62;69
210;optimal;69;60;0;0;0;0;7;26;22;7;35;37;37;9;46;14;35;29;48;6;37;43;52;52;12;48;52;61;17;56;58;61;63;69
211;optimal;42;50;0;0;2;0;10;16;4;10;4;9;13;12;12;13;18;19;13;16;13;19;23;18;25;23;27;27;2;26;32;32;34;42
212;optimal;45;40;0;0;0;0;5;7;5;7;7;8;12;10;17;15;5;17;17;25;17;24;33;33;32;12;25;37;38;35;42;42;40;45
213;optimal;63;40;0;0;0;0;10;10;16;16;23;26;32;23;16;16;26;10;6;31;31;39;10;39;37;20;26;38;48;40;49;53;53;63
214;optimal;42;50;0;0;0;0;4;3;4;4;12;4;21;10;7;18;14;14;14;17;15;17;10;27;23;29;10;29;32;22;38;32;30;42
215;optimal;52;60;0;0;5;0;10;5;10;13;20;13;32;20;16;26;15;27;16;10;29;38;32;31;24;43;40;29;38;44;45;45;46;52
216;optimal;52;90;0;0;0;0;10;12;7;7;22;3;17;11;8;17;31;27;35;23;18;17;23;32;31;12;32;36;36;40;42;39;40;52
217;optimal;60;50;0;0;0;12;4;1;10;3;8;19;1;42;26;12;14;14;22;33;31;22;42;10;28;33;22;40;40;47;54;42;51;60
218;optimal;55;80;0;3;0;0;6;13;14;14;13;10;19;33;25;32;20;24;24;21;25;14;6;33;25;37;35;39;42;17;52;43;46;55
219;optimal;76;50;0;0;0;0;10;6;18;10;11;28;17;6;28;20;37;23;26;33;43;43;51;23;42;33;17;60;42;65;75;60;65;76
220;optimal;55;70;0;0;0;0;6;2;15;6;2;25;10;20;29;20;24;18;1;29;30;18;17;29;7;28;25;29;39;39;46;47;37;55
221;optimal;63;50;0;0;0;0;4;10;5;22;5;15;22;14;4;10;31;19;15;31;25;24;43;19;39;40;30;45;47;31;39;52;54;63
222;optimal;53;40;0;0;0;0;3;3;3;9;9;5;13;9;1;16;3;18;1;4;11;15;23;30;25;25;23;31;35;38;38;45;31;53
223;optimal;46;60;0;0;0;0;5;4;4;2;12;12;7;16;21;22;10;22;25;13;16;21;27;27;23;26;29;21;37;29;36;29;41;46
224;optimal;65;60;0;0;6;0;10;11;18;18;23;11;31;23;15;15;29;35;25;32;32;36;31;36;39;40;39;40;36;48;39;43;56;65
225;optimal;52;60;0;0;0;0;4;8;14;4;20;7;4;7;4;5;22;13;28;26;26;15;16;22;23;31;22;31;38;41;26;48;31;52
226;optimal;48;60;0;0;0;6;13;10;13;13;2;17;4;4;17;4;10;25;17;14;20;28;6;22;17;23;31;28;36;40;33;36;45;48
227;optimal;60;70;0;11;0;0;21;10;11;23;11;15;21;25;15;27;24;31;50;32;31;32;13;32;10;27;41;42;41;47;50;57;36;60
228;optimal;48;70;0;0;0;0;3;9;8;8;9;12;13;21;25;9;23;21;23;30;31;9;31;10;26;35;40;21;23;30;39;40;45;48
229;optimal;63;70;0;0;0;0;4;5;14;20;15;2;2;12;12;16;24;5;20;23;25;32;27;24;6;30;40;39;40;48;23;54;30;63
230;optimal;61;60;0;0;0;0;10;14;6;13;8;8;10;23;33;23;33;23;37;38;37;8;47;26;33;34;48;44;37;47;54;52;14;61
231;optimal;53;50;0;0;0;0;7;7;7;15;15;22;17;18;26;18;26;33;18;33;1;17;22;19;21;24;27;27;30;40;27;39;43;53
232;optimal;58;50;0;0;0;0;10;10;3;14;4;14;3;14;3;22;15;22;10;22;27;30;19;27;20;25;31;28;35;43;31;48;32;58
233;optimal;69;40;0;0;0;0;10;20;29;8;20;9;25;5;13;13;20;28;36;36;45;28;35;55;40;36;45;10;45;45;61;55;36;69
234;optimal;53;50;0;0;0;0;5;1;1;1;5;15;15;5;15;2;21;22;22;5;21;22;8;30;5;32;27;32;37;32;45;28;37;53
235;optimal;51;80;0;0;0;0;8;11;17;9;25;5;6;9;6;17;35;11;17;17;22;17;23;20;35;30;25;21;23;38;43;37;43;51
236;optimal;56;50;0;0;0;0;10;1;5;15;8;24;24;1;24;16;4;14;14;32;14;8;32;10;15;32;22;33;39;36;46;22;40;56
237;optimal;44;70;0;0;0;0;1;1;7;6;1;6;11;11;21;11;3;16;13;10;18;31;21;31;10;31;31;7;34;38;33;38;42;44
238;optimal;38;70;0;0;0;0;3;8;9;3;9;10;10;3;15;19;9;10;8;15;15;12;24;20;24;31;17;13;21;26;34;28;29;38
239;optimal;43;60;0;0;0;0;3;8;8;8;16;12;20;16;20;20;16;21;4;30;29;28;10;11;20;26;15;30;26;36;33;33;41;43
240;optimal;53;50;0;0;0;0;8;8;5;7;5;11;11;19;19;24;11;18;13;29;18;14;11;28;19;35;29;39;29;31;37;48;39;53
241;optimal;93;410;0;0;9;20;19;16;44;9;29;32;22;29;28;22;68;51;38;53;16;60;36;47;75;68;44;79;47;88;91;67;51;93
242;optimal;75;60;0;0;4;0;8;25;15;17;16;31;8;20;31;11;34;25;8;46;31;46;34;44;38;45;55;52;53;55;66;50;61;75
243;optimal;76;280;0;0;0;16;7;7;30;10;29;25;16;8;30;49;39;60;36;57;9;19;39;49;61;29;39;58;69;67;69;72;67;76
244;optimal;81;160;0;19;8;0;30;8;12;22;31;12;38;31;44;14;54;42;42;24;33;66;61;58;37;63;33;76;70;48;76;58;79;81
245;optimal;72;170;0;0;5;0;29;2;24;7;41;16;7;37;48;24;37;24;34;37;58;56;44;52;63;59;68;38;64;60;71;70;68;72
246;optimal;58;110;0;0;7;0;17;32;22;12;10;7;22;36;14;16;43;37;12;28;31;16;22;46;28;22;47;36;37;50;53;55;55;58
247;optimal;95;180;0;0;8;0;29;19;19;12;19;28;34;42;53;26;29;34;56;43;44;52;66;58;67;64;77;34;73;68;76;72;86;95
248;optimal;69;200;0;0;8;0;5;1;5;14;27;17;35;8;20;30;45;35;51;45;20;41;59;51;52;30;59;50;59;61;67;68;62;69
249;optimal;84;50;0;0;7;1;7;18;23;14;1;14;22;37;24;48;22;28;33;56;33;23;37;31;46;50;46;46;66;56;72;64;80;84
250;optimal;58;170;0;0;6;0;11;15;43;25;2;6;8;10;12;19;11;24;28;38;28;19;28;27;39;31;43;31;48;50;51;51;50;58
251;optimal;59;50;0;0;9;0;9;15;11;25;12;15;15;27;33;15;37;23;32;45;35;46;48;40;38;45;23;23;52;42;52;46;54;59
252;optimal;40;50;0;0;0;0;6;3;7;6;7;9;9;3;15;9;17;3;11;20;17;7;7;18;24;25;11;20;32;21;33;33;31;40
253;optimal;58;40;0;0;0;0;3;3;8;11;15;15;24;5;15;20;21;33;32;30;47;30;22;54;33;42;42;42;8;52;55;56;44;58
254;optimal;62;50;0;0;0;0;1;7;10;3;10;12;20;20;23;26;36;3;20;17;29;28;35;26;39;37;10;44;18;39;47;52;49;62
255;optimal;74;40;0;0;0;0;3;10;19;10;18;3;6;18;21;31;24;27;24;35;31;35;27;41;43;35;43;46;41;56;56;48;65;74
256;optimal;53;50;0;0;0;0;4;7;14;19;32;7;7;16;16;16;27;40;22;32;34;33;33;40;18;42;27;42;44;44;45;46;45;53
257;optimal;56;40;0;0;0;0;8;14;14;17;9;26;39;32;32;16;30;24;30;18;21;37;22;39;33;40;39;42;49;46;47;51;48;56
258;optimal;66;30;0;0;0;0;3;2;10;10;12;1;7;13;19;13;22;20;22;27;22;12;26;33;27;40;36;41;41;51;56;31;43;66
259;optimal;43;60;0;0;14;0;17;7;10;14;20;10;20;18;25;24;19;34;29;28;23;31;23;34;34;31;35;35;35;36;42;40;36;43
260;optimal;49;40;0;0;0;0;11;3;9;7;14;9;38;23;24;14;18;3;27;6;18;29;6;27;24;38;33;41;33;37;43;47;43;49
261;optimal;43;50;0;4;0;0;10;6;4;7;7;7;16;21;18;16;24;16;26;28;24;16;16;28;26;28;33;38;33;31;39;38;33;43
262;optimal;58;40;0;0;0;0;2;9;9;3;16;22;2;13;16;30;32;23;7;10;3;31;20;34;14;30;42;35;39;13;23;49;40;58
263;optimal;60;50;0;0;0;0;1;1;7;5;7;13;5;8;17;12;17;7;15;6;12;15;20;19;27;24;14;18;32;42;27;52;33;60
264;optimal;64;40;0;5;0;0;5;13;9;15;13;16;26;15;22;22;16;37;34;41;30;42;30;41;38;43;52;57;5;44;59;46;44;64
265;optimal;49;50;0;0;6;0;9;9;9;19;19;14;14;24;12;14;21;25;21;15;29;29;30;34;33;10;30;38;45;39;47;39;40;49
266;optimal;59;40;0;0;0;0;3;9;5;9;15;22;18;16;23;23;16;32;15;29;41;22;33;29;32;34;34;34;44;44;44;49;49;59
267;optimal;49;40;0;0;0;0;9;7;7;10;14;7;20;20;17;22;14;8;23;17;32;23;26;29;20;29;33;39;42;23;32;42;48;49
268;optimal;66;40;0;0;7;0;4;18;12;6;20;4;17;6;14;25;12;12;28;35;20;32;25;32;40;40;40;50;19;45;58;50;45;66
269;optimal;55;50;0;0;0;0;6;10;10;4;13;8;12;16;26;13;28;20;20;8;27;22;33;25;13;33;23;28;37;37;47;38;47;55
270;optimal;62;40;0;0;0;0;7;11;3;10;10;19;3;17;19;19;10;6;25;35;22;7;22;24;24;28;40;44;44;53;52;24;58;62
271;optimal;69;50;0;0;0;0;9;9;17;17;21;1;20;13;21;30;24;4;30;35;17;30;42;38;31;42;32;50;50;21;59;35;59;69
272;optimal;57;50;0;0;0;0;3;1;5;7;3;17;10;1;7;21;30;32;30;19;30;17;38;26;32;7;24;24;38;47;3;32;50;57
273;optimal;40;40;0;0;0;0;8;9;2;12;17;8;2;2;11;17;19;11;18;19;17;12;17;27;18;27;24;31;27;35;37;12;19;40
274;optimal;49;40;0;0;0;0;8;6;14;8;8;20;22;8;14;22;14;6;26;26;22;15;18;18;29;32;26;26;32;40;35;44;36;49
275;optimal;73;50;0;0;0;0;9;9;16;10;10;18;10;26;29;27;8;13;37;37;27;31;18;43;24;31;52;56;66;43;45;70;56;73
276;optimal;55;50;0;0;0;0;5;12;17;5;12;17;25;25;29;15;29;5;38;25;12;38;25;33;38;47;44;29;44;48;50;53;17;55
277;optimal;48;40;0;0;0;0;8;9;9;11;13;13;13;7;13;19;21;21;9;21;22;15;14;24;28;29;23;25;29;33;33;42;37;48
278;optimal;53;50;0;0;0;0;7;2;11;2;11;21;21;2;11;18;27;7;2;31;9;34;23;31;20;9;32;31;35;40;37;42;47;53
279;optimal;62;50;0;0;0;0;6;8;7;15;15;10;8;25;25;25;6;17;17;18;7;28;33;28;33;33;39;33;41;45;43;39;54;62
280;optimal;59;50;0;0;0;0;5;3;5;3;5;14;13;5;6;24;7;15;9;13;20;24;20;24;15;30;36;30;30;43;43;52;37;59
281;optimal;85;1090;0;4;0;0;20;11;13;15;9;28;19;47;47;15;26;35;35;32;26;67;76;44;67;46;45;52;58;77;82;57;83;85
282;optimal;90;530;0;0;19;0;6;10;13;34;26;6;49;26;17;41;35;19;34;29;39;58;36;67;72;76;58;48;50;79;76;85;68;90
283;optimal;78;300;0;0;0;6;15;23;21;6;15;28;22;32;35;65;36;23;47;31;32;38;50;58;61;65;64;43;68;66;53;68;71;78
284;optimal;103;280;0;0;26;0;10;20;38;10;36;36;50;59;43;40;59;50;20;60;64;37;67;70;75;65;75;81;79;69;93;93;89;103
285;optimal;98;190;0;45;2;0;4;9;2;30;14;39;34;24;54;36;19;47;77;37;63;24;72;54;92;63;85;85;72;79;92;88;94;98
286;optimal;92;510;0;0;8;15;25;24;8;39;41;17;27;41;49;59;35;29;35;73;69;56;56;64;76;46;83;86;63;69;78;90;91;92
287;optimal;73;290;0;4;0;0;7;11;20;12;4;9;12;30;48;15;37;4;44;11;22;37;63;58;27;56;46;33;69;58;55;71;69;73
288;optimal;80;1250;0;9;0;0;7;13;22;18;9;30;10;37;30;54;37;46;24;55;45;39;56;65;67;30;62;65;47;70;71;72;72;80
289;optimal;97;410;0;4;0;0;22;31;27;4;12;62;65;36;12;52;44;17;22;75;38;38;52;68;56;75;27;84;44;84;94;90;96;97
290;optimal;76;60;0;13;0;0;1;10;17;6;15;11;13;19;26;40;11;57;30;33;45;49;23;33;48;50;61;38;57;59;59;54;70;76
291;optimal;47;90;0;0;0;0;10;16;16;6;23;10;5;14;25;12;16;2;25;7;31;29;24;24;30;34;25;29;38;35;43;41;36;47
292;optimal;68;70;0;0;0;14;8;8;10;36;20;20;26;47;19;14;29;26;26;39;39;44;40;36;58;42;60;52;43;53;49;67;61;68
293;optimal;55;50;0;36;0;0;1;10;10;18;13;1;10;15;29;13;24;26;23;31;36;32;32;35;41;41;42;42;44;44;49;47;49;55
294;optimal;53;50;0;0;0;0;7;7;16;17;7;23;14;16;23;20;14;29;26;17;11;25;16;35;26;29;36;41;40;35;46;46;46;53
295;optimal;54;50;0;0;0;0;5;9;5;15;16;19;28;8;24;20;22;17;17;32;27;16;27;36;31;28;41;41;37;35;44;46;51;54
296;optimal;62;40;0;0;0;0;5;16;4;1;14;1;24;10;14;22;34;31;24;11;34;20;49;31;34;38;39;42;55;46;56;56;57;62
297;optimal;68;50;0;0;0;0;6;10;15;10;25;15;8;25;46;31;35;35;14;29;21;39;41;41;53;57;51;44;51;54;54;57;62;68
298;optimal;46;50;0;0;0;0;7;17;1;26;7;17;8;8;23;33;7;16;24;33;27;24;25;37;41;28;39;38;43;37;44;45;44;46
299;optimal;46;60;0;0;0;0;2;13;3;9;2;30;9;10;2;22;35;40;20;19;10;17;23;9;24;13;29;32;17;29;37;38;41;46
300;optimal;53;80;0;0;0;0;8;8;6;16;18;39;23;28;6;48;15;11;32;30;32;17;33;12;24;29;44;42;34;42;46;48;50;53
301;optimal;43;60;0;0;0;0;1;7;5;14;7;1;7;9;5;6;19;12;10;20;8;21;23;18;21;22;22;33;28;11;33;37;26;43
302;optimal;63;50;0;0;0;0;7;14;11;1;10;10;17;9;1;16;1;17;6;15;15;26;16;22;26;34;41;22;51;18;32;59;20;63
303;optimal;58;50;0;0;0;0;10;6;10;18;20;10;25;18;16;25;14;30;13;20;26;34;25;35;43;34;43;28;50;48;52;53;48;58
304;optimal;50;80;0;0;0;0;8;10;18;8;18;2;12;14;16;19;14;20;19;20;21;28;28;5;29;29;17;29;32;34;32;36;42;50
305;optimal;52;70;0;0;0;0;4;6;8;6;2;9;13;12;19;17;15;25;25;30;12;19;23;27;41;24;27;27;33;34;33;46;43;52
306;optimal;53;50;0;0;0;0;10;11;6;15;12;29;23;18;3;10;18;24;21;21;31;21;23;24;31;21;29;37;31;31;37;45;35;53
307;optimal;61;80;0;9;0;0;8;8;17;5;21;11;20;29;43;23;18;23;31;18;28;38;11;38;47;48;40;38;38;48;54;54;55;61
308;optimal;58;30;0;0;0;0;4;12;21;24;7;21;7;24;36;27;37;17;31;12;31;45;21;33;46;48;36;36;45;47;55;47;56;58
309;optimal;50;60;0;9;0;0;9;5;5;25;17;15;20;11;21;23;17;18;21;26;30;11;33;29;38;33;41;30;39;37;48;49;47;50
310;optimal;55;80;0;14;0;0;6;2;6;20;3;11;16;19;2;16;20;32;22;26;29;39;29;24;37;45;34;42;47;37;49;46;47;55
311;optimal;61;50;0;0;0;0;5;5;14;9;14;9;22;22;9;22;28;28;12;22;22;32;29;32;33;32;41;33;44;41;53;21;53;61
312;optimal;60;30;0;0;0;0;9;10;9;10;20;30;15;19;29;19;29;20;33;8;21;19;27;30;38;46;38;30;43;43;38;52;45;60
313;optimal;57;40;0;0;0;0;9;9;10;10;9;9;10;18;18;18;21;21;27;23;15;27;23;34;30;32;27;41;36;45;49;41;48;57
314;optimal;68;80;0;0;0;0;10;20;20;29;36;36;42;10;42;44;10;20;45;29;29;36;46;46;56;29;54;46;46;56;57;62;63;68
315;optimal;54;70;0;0;0;0;10;6;11;9;16;11;21;10;21;16;20;16;21;29;15;29;30;19;20;33;37;23;42;32;52;39;47;54
316;optimal;44;60;0;0;0;0;5;8;8;8;5;9;5;9;10;15;8;16;16;18;16;20;22;21;21;22;28;28;24;26;26;36;35;44
317;optimal;35;40;0;0;0;0;1;3;3;3;2;7;7;1;2;9;12;12;15;20;20;1;23;7;12;12;18;21;21;29;31;21;24;35
318;optimal;54;50;0;0;0;0;9;10;10;12;19;19;9;15;15;19;18;28;19;29;24;18;19;30;32;33;28;34;34;40;50;33;43;54
319;optimal;65;50;0;0;0;0;10;10;10;10;9;13;19;20;19;13;10;30;23;30;13;31;16;16;37;37;33;35;44;54;54;56;45;65
320;optimal;51;50;0;0;0;0;3;5;13;4;13;14;5;5;5;13;23;21;14;23;15;23;16;33;4;34;30;21;30;36;40;43;33;51
321;optimal;65;50;0;8;0;0;4;4;10;10;22;17;24;11;20;29;24;24;25;40;32;40;48;15;40;48;34;44;50;44;55;54;57;65
322;optimal;60;90;0;6;0;0;7;6;7;13;22;7;29;14;26;23;27;29;22;37;34;35;26;37;29;37;45;38;45;38;47;50;45;60
323;optimal;55;70;0;0;0;0;9;16;2;17;17;11;15;17;2;30;22;22;15;24;30;24;30;33;34;30;37;37;37;47;44;44;51;55
324;optimal;77;40;0;0;0;10;9;18;18;25;9;29;29;43;33;10;18;19;43;47;48;29;39;50;43;58;50;58;63;63;67;73;67;77
325;optimal;53;60;0;0;0;7;15;4;7;12;15;11;4;34;15;20;27;16;39;36;16;39;20;42;35;27;27;20;35;42;46;46;46;53
326;optimal;59;50;0;0;0;3;3;3;13;3;23;23;12;23;25;28;35;29;29;13;36;28;36;38;38;36;36;44;52;46;42;53;52;59
327;optimal;58;40;0;3;0;0;7;10;10;3;17;10;20;20;29;20;29;39;33;39;42;41;33;48;41;49;48;51;41;51;53;53;53;58
328;optimal;61;60;0;3;0;0;3;8;3;5;8;6;12;6;18;31;12;18;26;31;40;39;43;45;41;19;42;31;39;48;51;41;51;61
329;optimal;65;60;0;0;0;0;11;16;2;19;2;10;4;24;24;21;25;19;25;25;37;34;34;43;35;25;37;55;46;45;60;46;55;65
330;optimal;53;50;0;0;7;0;2;3;7;2;11;13;11;3;21;21;15;15;23;13;15;23;29;30;37;30;30;32;37;36;46;38;44;53
331;optimal;68;80;0;0;0;0;10;10;10;14;14;20;20;23;17;14;28;20;35;30;35;45;39;28;38;45;38;55;48;55;66;56;46;68
332;optimal;44;70;0;0;0;3;7;7;10;3;11;13;9;9;15;15;19;11;13;21;26;22;22;22;21;20;31;34;26;28;40;38;35;44
333;optimal;69;60;0;0;0;0;3;10;16;16;7;23;3;24;12;16;29;37;36;29;53;45;45;37;45;16;54;53;53;54;63;55;60;69
334;optimal;67;60;0;0;3;0;3;3;12;3;11;14;12;13;22;22;32;31;31;42;22;35;45;53;49;62;62;45;47;53;54;63;63;67
335;optimal;63;50;0;0;0;0;6;10;13;13;18;8;27;15;13;18;24;28;21;23;30;6;34;36;33;46;24;36;28;46;53;53;60;63
336;optimal;52;50;0;0;0;0;5;5;11;4;11;11;20;5;19;30;14;30;15;16;20;30;34;37;35;34;20;37;37;36;45;44;45;52
337;optimal;58;70;0;0;0;0;3;15;8;9;8;15;14;9;18;18;27;22;27;22;25;25;37;3;37;46;25;35;34;46;49;48;54;58
338;optimal;58;60;0;0;0;0;5;5;9;1;11;11;1;7;17;15;18;18;15;25;25;33;33;11;22;39;39;41;21;44;48;46;25;58
339;optimal;60;60;0;0;0;4;4;6;4;8;8;12;6;12;8;17;17;23;23;17;17;23;27;33;39;35;39;39;47;27;47;30;50;60
340;optimal;47;60;0;0;0;0;14;10;7;7;16;10;15;15;18;16;26;26;21;15;21;29;32;18;21;21;32;35;35;36;43;43;41;47
341;optimal;57;80;0;0;0;0;8;14;6;2;24;2;8;8;18;18;10;13;17;28;24;27;33;24;18;28;34;36;28;37;41;47;37;57
342;optimal;53;40;0;0;0;0;4;1;7;14;19;10;4;7;9;19;21;19;20;27;20;31;29;27;31;31;26;36;36;34;36;46;46;53
343;optimal;60;90;0;0;7;0;9;16;26;7;7;12;20;20;30;12;9;26;20;30;20;30;39;30;39;51;40;39;42;51;57;44;53;60
344;optimal;50;70;0;0;12;0;4;12;12;4;8;1;18;18;15;13;16;21;12;18;31;20;16;20;40;21;29;29;31;21;35;44;40;50
345;optimal;60;50;0;6;0;0;8;8;8;12;6;13;13;23;20;23;12;24;32;33;23;32;34;39;32;45;49;15;40;20;50;50;37;60
346;optimal;58;50;0;1;0;0;1;13;6;6;9;16;1;10;6;10;7;15;20;25;35;25;25;13;33;41;41;20;35;41;48;42;51;58
347;optimal;61;80;0;0;0;0;2;12;14;10;7;14;10;15;13;19;24;24;25;31;30;30;24;40;53;31;40;39;43;33;53;58;43;61
348;optimal;63;60;0;0;0;0;7;7;16;3;7;16;24;9;34;3;25;13;34;34;44;24;24;35;39;32;35;52;37;52;60;47;59;63
349;optimal;59;60;0;0;0;0;2;2;4;4;11;11;7;20;11;21;11;10;17;15;21;20;29;29;29;37;37;29;46;46;55;49;35;59
350;optimal;59;80;0;0;0;0;5;5;5;5;6;18;12;13;13;18;12;18;23;18;30;20;30;23;38;23;30;46;38;38;46;38;49;59
351;optimal;66;70;0;0;0;0;3;3;13;3;6;13;9;5;16;23;13;21;16;29;18;23;29;31;31;32;42;32;23;48;34;48;57;66
352;optimal;44;80;0;0;0;0;3;3;13;8;2;12;8;17;8;17;18;2;22;22;22;6;18;22;28;22;28;28;14;36;39;23;30;44
353;optimal;61;60;0;0;0;0;6;6;7;4;6;14;12;24;4;34;11;7;20;15;16;15;21;34;34;24;21;38;47;38;47;24;54;61
354;optimal;59;50;0;0;0;0;6;6;6;15;4;15;4;23;12;23;30;15;23;19;39;39;39;46;30;30;36;43;43;48;55;38;51;59
355;optimal;64;80;0;0;0;0;5;11;11;7;11;17;17;19;17;23;31;17;31;35;23;31;24;41;35;37;23;31;43;51;35;58;53;64
356;optimal;46;50;0;0;0;0;9;8;8;12;18;7;18;9;12;17;14;16;26;26;30;30;26;34;28;29;30;35;29;18;38;22;39;46
357;optimal;56;50;0;0;0;0;7;13;10;14;19;13;4;14;22;22;21;13;18;28;10;28;21;31;34;26;21;42;34;38;32;48;43;56
358;optimal;63;40;0;0;0;0;7;10;14;7;14;17;10;25;10;25;19;19;27;25;31;31;41;31;39;17;41;39;45;51;55;7;51;63
359;optimal;59;50;0;0;0;0;10;10;20;2;20;16;25;16;16;26;25;23;26;10;36;21;26;33;36;33;33;36;42;46;42;42;56;59
360;optimal;59;60;0;0;0;0;10;4;3;10;10;18;3;17;19;18;18;21;19;28;27;27;27;34;19;28;43;43;34;48;39;56;46;59
361;optimal;79;70;0;0;0;8;27;2;17;25;19;7;17;37;36;27;19;45;34;13;44;36;39;37;68;52;37;70;51;68;60;76;70;79
362;optimal;69;70;0;0;0;0;11;8;2;11;12;15;2;16;8;19;16;16;12;16;29;18;36;29;29;50;38;38;50;52;60;42;52;69
363;optimal;81;70;0;0;0;5;20;40;5;49;20;14;20;30;20;53;40;5;26;36;54;60;47;60;68;69;73;54;62;68;75;75;72;81
364;optimal;83;80;0;0;0;6;1;1;9;16;9;6;12;26;16;19;20;26;34;31;31;46;63;27;68;31;41;46;68;55;54;75;75;83
365;optimal;80;70;0;8;0;18;27;18;8;29;28;27;29;37;54;31;42;45;55;45;45;40;65;55;65;65;74;66;63;69;79;71;79;80
366;optimal;73;70;0;2;8;0;7;2;7;14;18;25;18;35;45;19;14;40;35;35;42;25;35;44;55;50;57;50;57;59;68;68;67;73
367;optimal;92;50;0;0;30;0;12;20;35;6;35;30;6;35;37;31;45;45;55;41;37;63;55;13;63;55;64;64;76;73;69;76;84;92
368;optimal;72;60;0;0;0;0;3;9;10;30;9;20;20;39;31;41;47;10;41;30;41;20;47;43;48;58;56;66;56;58;59;65;67;72
369;optimal;57;50;0;0;0;12;5;6;10;6;28;15;29;19;19;38;33;28;5;17;38;41;43;49;38;39;43;48;43;51;54;51;56;57
370;optimal;81;50;0;5;15;0;32;23;5;11;11;21;11;32;35;22;45;39;40;50;35;49;32;45;58;59;49;57;15;35;73;73;67;81
371;optimal;48;70;0;0;0;0;1;5;5;12;10;12;6;6;16;13;14;21;18;22;18;10;21;23;31;34;34;38;35;31;39;43;39;48
372;optimal;54;70;0;0;0;0;4;3;4;3;6;4;6;9;12;5;25;26;15;16;7;33;25;29;43;25;42;29;36;36;48;33;45;54
373;optimal;59;40;0;0;0;0;3;11;24;6;11;21;11;24;21;14;14;34;27;21;30;22;34;36;36;45;36;40;27;40;50;47;41;59
374;optimal;59;70;0;0;0;0;3;10;3;5;10;13;16;16;14;19;19;3;19;26;35;29;29;33;38;38;48;38;48;38;50;57;28;59
375;optimal;71;70;0;0;0;0;5;29;4;4;14;12;12;21;16;27;38;20;38;31;21;46;38;29;38;43;56;52;43;29;65;46;62;71
376;optimal;63;50;0;3;0;0;10;7;20;1;3;24;20;22;24;24;6;15;34;20;34;40;40;48;49;28;55;28;42;55;34;62;49;63
377;optimal;65;70;0;0;0;0;3;5;28;10;3;26;12;17;12;34;19;28;36;22;16;5;32;36;29;37;28;37;39;46;56;44;32;65
378;optimal;61;60;0;0;0;0;7;8;9;8;7;15;18;15;19;29;16;35;33;14;19;33;25;41;41;34;47;40;41;46;35;56;47;61
379;optimal;63;70;0;0;0;0;7;7;22;9;9;15;7;30;15;13;33;11;31;36;30;37;43;53;30;44;37;13;44;24;54;54;44;63
380;optimal;60;80;0;0;0;0;3;7;11;20;20;11;7;7;26;11;30;13;31;30;40;30;36;39;20;36;39;47;46;48;54;46;54;60
381;optimal;55;70;0;0;0;0;7;5;5;7;12;3;18;10;12;5;26;28;35;26;35;12;40;40;28;20;30;40;44;40;48;49;43;55
382;optimal;54;70;0;0;0;0;1;2;7;13;13;1;11;21;10;11;21;21;19;31;27;6;40;26;25;44;32;31;44;32;40;41;46;54
383;optimal;54;80;0;0;0;0;6;8;3;13;18;7;8;8;7;14;13;24;34;18;14;17;17;25;24;25;35;44;34;35;44;24;46;54
384;optimal;53;70;0;0;0;0;5;15;7;5;1;15;11;22;6;18;22;15;11;23;23;36;27;44;27;30;40;27;30;27;50;44;37;53
385;optimal;55;50;0;0;8;0;10;10;10;8;16;18;24;20;21;19;10;18;20;27;29;27;30;24;16;24;33;33;33;42;33;51;40;55
386;optimal;69;40;0;0;0;10;19;10;12;19;30;19;28;12;29;22;29;34;33;33;38;44;44;10;40;52;59;44;59;37;67;54;38;69
387;optimal;56;60;0;0;0;0;9;9;2;9;2;19;9;22;9;15;19;15;13;22;25;22;26;30;26;29;39;29;29;31;49;42;36;56
388;optimal;67;40;0;0;0;0;4;6;12;4;20;12;12;7;7;23;6;29;37;14;20;19;19;28;47;37;29;37;53;47;35;58;58;67
389;optimal;64;50;0;0;0;0;10;5;12;21;16;5;16;5;22;10;20;22;25;30;39;33;31;30;40;40;40;47;54;47;53;57;54;64
390;optimal;60;70;0;0;0;0;13;8;8;13;17;16;20;2;20;14;16;29;17;13;29;23;33;20;33;41;39;41;45;40;59;50;30;60
391;optimal;51;70;0;0;0;0;1;7;2;7;7;1;17;17;24;1;24;17;26;26;33;30;38;38;46;17;33;40;30;38;35;49;46;51
392;optimal;56;70;0;0;0;0;7;1;16;7;7;17;25;6;1;24;15;16;31;34;37;25;35;34;24;25;34;44;42;42;48;44;43;56
393;optimal;57;70;0;0;0;0;1;7;9;7;1;17;9;9;17;10;24;9;24;17;27;18;27;24;13;34;27;27;41;41;51;30;51;57
394;optimal;57;60;0;0;0;0;6;6;6;9;3;18;11;18;18;13;27;24;23;27;18;13;36;37;37;37;31;46;43;46;48;34;43;57
395;optimal;65;50;0;0;0;0;6;13;13;23;13;3;9;23;6;22;26;23;32;26;31;27;37;37;31;33;39;47;47;47;57;55;37;65
396;optimal;60;50;0;0;0;0;7;12;12;19;7;10;17;15;15;21;21;28;38;25;25;29;27;21;34;39;40;29;38;49;44;40;52;60
397;optimal;46;50;0;0;0;0;5;1;1;11;5;15;11;11;17;14;11;20;20;25;23;17;26;32;31;31;23;32;35;26;41;37;32;46
398;optimal;57;70;0;0;0;0;10;5;10;5;20;10;20;12;5;20;20;12;26;24;30;30;22;35;24;35;36;33;41;40;33;41;51;57
399;optimal;64;50;0;0;0;0;9;8;8;9;9;14;11;14;15;21;31;20;31;8;41;20;41;51;38;25;51;21;32;32;52;61;47;64
400;optimal;51;60;0;0;0;0;5;9;9;15;16;4;5;10;16;10;18;16;16;18;22;23;22;28;34;25;37;31;34;39;40;32;45;51
401;optimal;86;60;0;0;25;0;8;3;20;8;25;13;13;19;34;33;25;30;55;38;41;41;50;66;65;35;55;55;66;64;72;81;81;86
402;optimal;89;80;0;0;17;8;8;19;32;37;24;35;19;43;17;40;35;45;25;45;55;55;60;67;67;60;67;72;74;79;82;76;87;89
403;optimal;85;50;0;0;0;25;10;20;10;35;50;7;60;35;20;35;48;45;61;56;49;68;54;74;74;49;79;52;68;62;77;79;81;85
404;optimal;78;70;0;0;13;0;26;9;10;32;19;19;10;27;13;4;35;31;49;32;41;51;42;51;51;28;63;41;49;68;58;69;53;78
405;optimal;99;60;0;0;18;0;10;35;38;10;28;18;28;44;52;57;57;38;38;63;52;73;59;79;52;69;81;89;84;78;86;96;89;99
406;optimal;103;60;0;0;9;9;10;17;21;12;15;21;37;50;37;56;42;64;63;30;46;80;83;65;73;81;41;80;56;84;98;92;92;103
407;optimal;92;70;0;13;0;4;18;13;32;28;44;53;18;58;28;34;28;61;50;34;40;39;50;68;65;77;68;43;72;78;68;83;88;92
408;optimal;88;100;0;0;0;0;9;18;32;17;37;9;25;10;27;36;37;45;27;64;43;59;54;52;65;37;59;68;77;74;80;47;72;88
409;optimal;92;80;0;0;13;23;9;43;13;31;23;27;10;18;31;35;34;37;58;34;41;67;48;78;58;41;69;71;64;67;86;87;79;92
410;optimal;99;110;0;2;21;0;2;11;30;11;50;21;35;50;22;59;37;30;59;65;41;41;46;70;43;85;50;77;59;70;89;77;89;99
411;optimal;58;50;0;0;0;0;9;19;9;9;10;22;28;18;17;10;28;33;28;18;36;38;30;37;42;36;46;44;37;43;52;37;50;58
412;optimal;50;70;0;8;0;0;6;12;24;10;20;13;20;26;24;13;8;31;20;31;23;30;30;37;18;27;30;37;27;41;43;41;40;50
413;optimal;60;50;0;1;0;0;8;10;1;26;20;10;16;28;30;20;32;28;38;10;41;16;36;34;34;44;45;48;46;42;55;51;52;60
414;optimal;49;60;0;0;0;0;27;3;17;29;12;9;16;14;14;9;21;31;22;22;15;22;27;37;16;31;31;37;34;34;43;47;43;49
415;optimal;52;60;0;0;0;0;4;4;7;5;4;8;17;5;9;27;14;17;20;7;37;9;9;23;11;26;39;36;35;43;46;30;42;52
416;optimal;66;40;0;0;0;0;7;6;13;23;21;13;29;7;25;32;35;47;13;44;35;37;39;44;49;57;57;49;59;54;61;44;63;66
417;optimal;66;80;0;0;0;0;10;6;19;19;13;19;13;21;29;38;48;32;51;43;32;24;21;25;42;51;57;33;32;56;56;57;60;66
418;optimal;82;80;0;16;0;0;10;10;32;7;19;15;27;22;19;27;38;20;38;53;62;42;38;47;41;52;43;62;57;66;56;66;75;82
419;optimal;60;50;0;2;0;0;2;10;12;14;10;23;11;31;21;21;32;29;37;37;37;31;41;41;29;46;38;41;46;48;49;56;52;60
420;optimal;75;40;0;0;0;11;9;10;10;17;25;15;25;25;26;15;31;26;35;35;34;40;35;50;50;52;40;57;59;30;59;69;65;75
421;optimal;55;50;0;4;0;0;16;10;4;16;8;18;18;23;35;28;3;10;31;22;29;29;31;42;38;46;42;38;41;35;48;48;53;55
422;optimal;43;80;0;0;6;0;5;5;1;1;6;8;9;9;17;16;24;12;28;25;28;20;16;34;25;19;33;24;34;28;37;37;37;43
423;optimal;57;70;0;0;0;0;9;16;5;5;16;16;14;16;44;26;16;35;25;18;31;32;32;44;25;36;43;42;44;41;48;52;52;57
424;optimal;67;60;0;0;0;0;10;10;1;11;7;17;15;1;17;25;27;25;39;13;35;17;35;42;44;44;42;51;48;51;61;61;56;67
425;optimal;64;50;0;0;0;0;1;8;4;4;18;8;1;6;10;13;18;14;20;20;28;46;26;22;29;22;39;37;48;39;27;55;55;64
426;optimal;58;70;0;0;0;0;9;2;9;4;17;14;18;2;14;23;18;12;19;20;22;30;31;35;30;38;36;38;39;45;49;42;49;58
427;optimal;52;70;0;0;0;0;12;1;1;11;8;19;11;12;16;12;16;24;5;34;17;26;19;28;27;27;34;34;41;37;37;45;43;52
428;optimal;62;60;0;0;5;0;11;8;6;8;12;14;24;24;8;37;30;33;18;30;31;42;33;38;41;42;45;52;56;51;57;51;56;62
429;optimal;57;80;0;0;0;0;10;5;10;5;19;14;20;17;19;31;14;29;20;30;31;40;40;28;37;33;30;30;32;46;47;42;52;57
430;optimal;60;80;0;0;0;0;9;6;1;18;6;31;7;25;7;18;12;18;27;12;27;28;34;42;27;48;36;51;34;40;53;48;54;60
431;optimal;50;70;0;0;0;0;3;8;9;12;12;12;9;9;15;17;24;7;17;29;15;24;3;14;13;19;37;25;30;19;30;35;40;50
432;optimal;54;70;0;0;0;0;8;10;11;10;20;2;20;20;24;30;24;30;30;11;31;38;29;36;38;35;26;36;42;42;46;52;40;54
433;optimal;51;40;0;0;0;0;9;9;2;2;2;9;14;9;12;22;18;30;24;9;22;18;30;18;30;22;28;28;35;43;40;25;50;51
434;optimal;57;70;0;0;0;0;10;8;10;20;13;19;23;10;23;20;23;23;22;27;29;28;35;29;33;40;38;46;38;45;45;55;54;57
435;optimal;55;50;0;0;0;0;9;5;9;1;9;19;27;13;10;10;17;19;26;26;27;34;38;36;34;13;19;19;23;41;48;41;44;55
436;optimal;56;70;0;0;0;0;2;8;2;2;11;11;12;8;17;22;14;4;14;17;27;24;27;33;24;37;32;42;31;42;50;50;42;56
437;optimal;42;40;0;0;0;0;8;12;8;4;15;15;15;8;10;13;12;20;16;23;20;20;30;20;30;24;28;28;32;30;40;34;36;42
438;optimal;49;70;0;0;0;0;1;3;4;13;4;7;2;14;13;22;7;22;28;6;22;12;31;17;34;28;35;15;35;40;36;44;20;49
439;optimal;64;60;0;0;0;0;10;10;18;9;10;17;18;23;18;23;27;37;37;39;40;37;44;44;23;40;44;33;40;54;46;59;54;64
440;optimal;63;70;0;0;0;0;10;10;14;9;12;22;12;29;22;19;22;29;9;29;30;31;30;33;31;35;36;39;45;45;40;53;45;63
441;optimal;82;80;0;0;2;0;9;28;10;20;27;10;6;17;20;6;24;29;34;27;40;40;54;49;49;58;62;68;54;66;73;73;66;82
442;optimal;125;40;0;0;43;0;23;23;59;36;82;15;43;26;10;89;51;67;59;72;64;97;74;97;108;83;106;106;109;119;108;123;111;125
443;optimal;92;80;0;5;0;0;13;8;14;19;6;30;15;28;60;41;51;14;33;33;51;19;41;59;47;74;64;60;73;64;90;81;76;92
444;optimal;84;70;0;0;0;17;8;36;6;14;25;17;7;13;25;32;36;35;33;52;42;42;69;58;38;47;64;68;60;52;77;74;77;84
445;optimal;86;70;0;10;0;0;46;31;14;10;14;19;21;40;50;16;57;41;31;73;45;44;47;41;52;67;54;68;57;63;77;77;77;86
446;optimal;129;70;0;0;7;17;22;7;22;32;27;36;16;46;36;61;37;75;42;52;110;68;87;44;61;70;71;87;100;84;110;91;120;129
447;optimal;101;70;0;0;19;0;10;18;36;47;37;10;28;37;45;62;56;47;90;76;78;63;54;60;63;76;95;71;77;83;90;83;99;101
448;optimal;94;80;0;26;0;0;12;43;17;47;9;47;44;26;55;36;49;57;55;60;57;53;63;69;67;71;83;71;80;34;91;93;60;94
449;optimal;82;140;0;6;0;0;6;24;12;13;34;21;35;29;1;22;24;33;40;30;53;35;33;43;49;49;57;57;59;66;75;66;75;82
450;optimal;90;60;0;6;0;3;8;3;13;15;23;41;13;24;46;61;24;33;62;41;51;55;62;70;54;71;76;78;71;79;79;82;82;90
451;optimal;59;70;0;2;0;0;7;7;6;22;15;21;23;12;20;25;35;36;25;42;27;22;32;15;36;40;45;44;49;50;56;44;36;59
452;optimal;67;80;0;0;0;0;9;9;14;16;24;8;21;16;31;31;25;39;36;39;47;47;32;50;44;57;23;56;54;57;53;60;66;67
453;optimal;65;50;0;0;0;0;7;7;3;21;2;17;16;26;10;5;39;25;31;30;43;38;38;26;51;44;31;53;37;53;63;44;60;65
454;optimal;64;30;0;0;0;13;9;11;9;11;3;18;16;20;20;44;20;30;28;28;36;30;54;36;36;41;51;57;46;44;59;57;59;64
455;optimal;57;50;0;0;0;0;9;9;12;6;13;15;9;17;42;3;13;32;23;30;21;33;30;26;37;40;26;40;44;46;48;48;48;57
456;optimal;59;90;0;0;0;0;5;5;5;10;8;13;13;15;8;17;21;18;27;28;36;26;37;27;43;32;36;43;43;33;53;52;53;59
457;optimal;59;80;0;9;0;0;4;9;13;11;22;4;23;25;17;26;24;32;30;39;30;41;45;13;25;41;44;40;53;31;53;56;47;59
458;optimal;58;80;0;0;0;0;22;19;1;8;10;13;7;34;10;20;13;22;27;43;28;27;33;31;34;42;39;43;40;42;54;50;49;58
459;optimal;49;70;0;0;0;11;2;11;4;2;20;5;14;21;17;4;17;25;15;25;28;20;38;28;34;37;36;42;37;38;43;47;43;49
460;optimal;55;90;0;0;0;0;9;18;15;22;9;28;15;18;28;18;34;22;36;28;30;42;32;48;47;36;37;45;47;46;50;54;50;55
461;optimal;58;40;0;0;16;0;8;8;17;21;25;14;31;21;7;33;14;23;31;37;34;37;37;40;44;41;51;44;45;51;56;55;51;58
462;optimal;59;60;0;0;0;0;6;6;9;8;12;8;9;13;14;15;18;22;26;31;17;26;32;22;29;31;32;31;38;47;41;55;38;59
463;optimal;55;70;0;0;0;0;7;7;13;14;7;9;13;9;16;15;13;21;28;19;19;24;22;26;21;38;32;36;27;42;47;42;46;55
464;optimal;49;50;0;1;0;0;5;4;8;9;11;9;11;17;15;12;25;12;10;16;33;25;18;18;25;34;22;35;27;36;42;45;43;49
465;optimal;47;60;0;0;0;0;7;9;11;12;14;17;11;15;20;7;7;17;15;24;26;19;30;34;35;29;35;38;28;35;31;43;45;47
466;optimal;53;50;0;0;0;14;5;4;5;11;19;11;14;8;8;14;15;25;15;23;34;37;28;37;37;18;33;28;34;45;44;47;42;53
467;optimal;66;70;0;0;0;0;9;5;5;7;5;12;11;9;12;16;16;53;24;22;22;33;31;39;31;33;40;41;47;49;47;54;57;66
468;optimal;48;60;0;0;0;0;1;1;4;7;12;4;4;7;12;12;12;24;21;19;29;37;16;29;28;19;31;36;26;36;39;36;46;48
469;optimal;65;40;0;0;0;0;9;10;26;10;4;9;10;16;27;19;31;19;19;28;30;35;44;51;19;44;34;56;54;54;43;60;59;65
470;optimal;60;70;0;0;0;0;4;5;4;12;6;16;12;14;24;26;17;9;19;34;38;23;32;44;26;48;49;28;41;42;51;55;50;60
471;optimal;63;50;0;0;0;0;10;5;5;10;9;13;18;18;20;26;9;5;17;24;36;26;36;17;46;36;19;47;45;51;9;59;59;63
472;optimal;54;60;0;0;0;0;6;9;1;9;2;9;11;16;6;13;16;16;20;6;20;25;25;20;26;26;26;34;41;43;41;47;13;54
473;optimal;50;40;0;0;0;0;4;7;14;8;8;8;14;9;14;4;13;22;23;13;23;23;29;17;23;23;26;31;23;34;41;27;41;50
474;optimal;57;40;0;0;0;0;8;5;8;10;10;16;16;12;21;2;21;20;16;11;20;27;30;30;20;40;30;27;40;40;49;41;49;57
475;optimal;58;40;0;0;0;0;9;10;10;19;13;23;19;10;29;19;13;23;23;29;28;28;29;38;34;39;28;39;33;33;48;47;38;58
476;optimal;58;50;0;0;0;0;5;6;5;10;18;9;10;14;17;17;5;27;18;14;27;37;47;18;23;23;22;32;31;47;31;42;48;58
477;optimal;55;50;0;0;0;0;6;12;16;6;1;10;12;24;13;30;8;16;18;24;16;30;35;35;20;38;36;45;45;30;48;45;53;55
478;optimal;44;50;0;0;0;0;3;5;11;12;9;11;11;9;17;20;16;19;26;26;9;19;35;19;25;23;32;36;36;34;36;42;42;44
479;optimal;59;40;0;0;0;0;6;6;5;13;15;5;5;16;22;22;22;18;17;31;18;28;28;37;37;40;40;46;22;30;49;49;49;59
480;optimal;54;40;0;0;0;0;7;13;10;21;13;13;14;20;26;26;11;30;31;29;21;21;11;27;35;37;37;37;35;37;39;47;46;54
